SQL> 
SQL> 
SQL> select * from uczestnicy;

ID_UCZESTNIKA NAME                           SURNAME                       
------------- ------------------------------ ------------------------------
            1 Michal                         Kopocik                       
            2 Sebastian                      Prokopczuk                    
            3 Wojciech                       Bochenek                      
            4 Krzysztof                      Mroz                          
            5 Karol                          Rzepka                        
            6 Lukasz                         Switaj                        
            7 Sylwia                         Kulesza                       
            8 Gabriel                        Rebacz                        
            9 Piotr                          Ogrodnik                      
           10 Agata                          Szulc                         

10 rows selected. 

SQL> select * from oferty;

 ID_OFERTY    WOLUMEN CENA_WYWOLAWCZA OKRES_OBO UCZESTNICY_ID_UCZESTNIKA
---------- ---------- --------------- --------- ------------------------
       155        2.5             100 09-APR-19                        3
      1207          3             650 30-SEP-23                        4
      8057          2              50 05-OCT-20                       10
        40          2              30 12-DEC-15                        3
      7301          4            1100 27-MAY-13                       10
       130       17.5             250 17-OCT-30                        3
      3056         40             400 19-NOV-22                        8
      4156          3            1175 30-JUL-24                        9

8 rows selected. 

SQL> select * from produkty;

KOD_PRODUKTU NAME           
------------ ---------------
       13543 mleko          
       18643 benzyna        
       13592 krem           
       12541 czajnik        
       23343 telefon        
       13598 skarpety       
       33567 futro          
       33669 ksiazka        
       63565 drzwi          
       73567 dywan          
       93568 lemon          
       83574 pilka          

12 rows selected. 

SQL> select * from ilosci;

     ILOSC  OFERTY_ID PRODUKT_KOD_PRODUKTU
---------- ---------- --------------------
         3       1207                33669
         5       1207                83574
         1       7301                63565
        10       4156                93568
         5         40                12541
         3       8057                23343

6 rows selected. 

SQL> 
SQL> select count(*) from oferty;

  COUNT(*)
----------
         8

SQL> select count(*) from produkty;

  COUNT(*)
----------
        12

SQL> 
SQL> select u.name, u.surname, o.OKRES_OBOWIAZYWANIA  
  2  from uczestnicy u join oferty o
  3  on u.id_uczestnika = o.UCZESTNICY_ID_UCZESTNIKA
  4  order by 1,3;

NAME                           SURNAME                        OKRES_OBO
------------------------------ ------------------------------ ---------
Agata                          Szulc                          27-MAY-13
Agata                          Szulc                          05-OCT-20
Gabriel                        Rebacz                         19-NOV-22
Krzysztof                      Mroz                           30-SEP-23
Piotr                          Ogrodnik                       30-JUL-24
Wojciech                       Bochenek                       12-DEC-15
Wojciech                       Bochenek                       09-APR-19
Wojciech                       Bochenek                       17-OCT-30

8 rows selected. 

SQL> 
SQL> select u.name, u.surname, o.OKRES_OBOWIAZYWANIA  
  2  from uczestnicy u join oferty o
  3  on u.id_uczestnika = o.UCZESTNICY_ID_UCZESTNIKA
  4  where o.OKRES_OBOWIAZYWANIA < sysdate
  5  order by 1,3;

NAME                           SURNAME                        OKRES_OBO
------------------------------ ------------------------------ ---------
Agata                          Szulc                          27-MAY-13
Wojciech                       Bochenek                       12-DEC-15

SQL> 
SQL> select i.ilosc, o.cena_wywolawcza, u.name, p.name as produkt_name
  2  from ilosci i join oferty o 
  3  on o.id_oferty = i.oferty_id
  4  join uczestnicy u on o.uczestnicy_id_uczestnika = u.id_uczestnika
  5  join produkty p on i.produkt_kod_produktu = p.kod_produktu
  6  order by 1;

     ILOSC CENA_WYWOLAWCZA NAME                           PRODUKT_NAME   
---------- --------------- ------------------------------ ---------------
         1            1100 Agata                          drzwi          
         3              50 Agata                          telefon        
         3             650 Krzysztof                      ksiazka        
         5              30 Wojciech                       czajnik        
         5             650 Krzysztof                      pilka          
        10            1175 Piotr                          lemon          

6 rows selected. 

SQL> 
SQL> --pokazuje cene ze wszystkich ofert podanego uczestnika
SQL> select  u.name, sum(o.cena_wywolawcza) as all_price
  2  from ilosci i join oferty o 
  3  on o.id_oferty = i.oferty_id
  4  join uczestnicy u on o.uczestnicy_id_uczestnika = u.id_uczestnika
  5  group by u.name
  6  order by 1;

NAME                            ALL_PRICE
------------------------------ ----------
Agata                                1150
Krzysztof                            1300
Piotr                                1175
Wojciech                               30

SQL> 
SQL> --pokazuje jakie uczestniki maja oferty
SQL> select name
  2  from uczestnicy
  3  where name in (
  4  select u.name
  5  from uczestnicy u join oferty o
  6  on u.id_uczestnika = o.UCZESTNICY_ID_UCZESTNIKA)
  7  order by 1;

NAME                          
------------------------------
Agata
Gabriel
Krzysztof
Piotr
Wojciech

SQL> 
SQL> 
SQL> 
SQL> spool off 
